gene	direction	fas_twist1_components	n_components	msigdb_pathways	n_msigdb_pathways
TWIST1	up	FAS_OUTER_ZONE;TWIST1_TARGETS	2		0
CDH1	down	TWIST1_TARGETS	1	HALLMARK_TGF_BETA_SIGNALING; REACTOME_DEGRADATION_OF_THE_EXTRACELLULAR_MATRIX; REACTOME_EPITHELIAL_MESENCHYMAL_TRANSITION_EMT_DURING_GASTRULATION; REACTOME_EXTRACELLULAR_MATRIX_ORGANIZATION; REACTOME_INTEGRIN_CELL_SURFACE_INTERACTIONS	5
TGFB1	up	MACROPHAGE_SIGNALS	1	GOBP_CANONICAL_WNT_SIGNALING_PATHWAY; GOBP_COLLAGEN_BIOSYNTHETIC_PROCESS; GOBP_COLLAGEN_METABOLIC_PROCESS; GOBP_CONNECTIVE_TISSUE_DEVELOPMENT; GOBP_CONNECTIVE_TISSUE_REPLACEMENT; GOBP_CONNECTIVE_TISSUE_REPLACEMENT_INVOLVED_IN_INFLAMMATORY_RESPONSE_WOUND_HEALING; GOBP_EXTRACELLULAR_MATRIX_ASSEMBLY; GOBP_EXTRACELLULAR_MATRIX_DISASSEMBLY; GOBP_MYOFIBROBLAST_DIFFERENTIATION; GOBP_NEGATIVE_REGULATION_OF_EXTRACELLULAR_MATRIX_DISASSEMBLY; GOBP_NEGATIVE_REGULATION_OF_EXTRACELLULAR_MATRIX_ORGANIZATION; GOBP_POSITIVE_REGULATION_OF_CANONICAL_WNT_SIGNALING_PATHWAY; GOBP_POSITIVE_REGULATION_OF_COLLAGEN_METABOLIC_PROCESS; GOBP_POSITIVE_REGULATION_OF_EXTRACELLULAR_MATRIX_ASSEMBLY; GOBP_POSITIVE_REGULATION_OF_EXTRACELLULAR_MATRIX_ORGANIZATION; GOBP_POSITIVE_REGULATION_OF_SMAD_PROTEIN_SIGNAL_TRANSDUCTION; GOBP_POSITIVE_REGULATION_OF_WNT_SIGNALING_PATHWAY; GOBP_REGULATION_OF_CANONICAL_WNT_SIGNALING_PATHWAY; GOBP_REGULATION_OF_COLLAGEN_METABOLIC_PROCESS; GOBP_REGULATION_OF_EXTRACELLULAR_MATRIX_ASSEMBLY; GOBP_REGULATION_OF_EXTRACELLULAR_MATRIX_DISASSEMBLY; GOBP_REGULATION_OF_EXTRACELLULAR_MATRIX_ORGANIZATION; GOBP_REGULATION_OF_SMAD_PROTEIN_SIGNAL_TRANSDUCTION; GOBP_REGULATION_OF_WNT_SIGNALING_PATHWAY; GOBP_RESPONSE_TO_TRANSFORMING_GROWTH_FACTOR_BETA; GOBP_SMAD_PROTEIN_SIGNAL_TRANSDUCTION; GOBP_TRANSFORMING_GROWTH_FACTOR_BETA_RECEPTOR_SIGNALING_PATHWAY; GOBP_WNT_SIGNALING_PATHWAY; GOBP_WOUND_HEALING; GOBP_WOUND_HEALING_INVOLVED_IN_INFLAMMATORY_RESPONSE; HALLMARK_EPITHELIAL_MESENCHYMAL_TRANSITION; HALLMARK_TGF_BETA_SIGNALING; KEGG_MEDICUS_REFERENCE_PLASMIN_MEDIATED_ACTIVATION_OF_LATENT_TGF_BETA; KEGG_MEDICUS_REFERENCE_TGF_BETA_SIGNALING_PATHWAY; REACTOME_DOWNREGULATION_OF_TGF_BETA_RECEPTOR_SIGNALING; REACTOME_ECM_PROTEOGLYCANS; REACTOME_EXTRACELLULAR_MATRIX_ORGANIZATION; REACTOME_LOSS_OF_FUNCTION_OF_SMAD2_3_IN_CANCER; REACTOME_NON_INTEGRIN_MEMBRANE_ECM_INTERACTIONS; REACTOME_SIGNALING_BY_TGFBR3; REACTOME_SIGNALING_BY_TGFB_FAMILY_MEMBERS; REACTOME_SIGNALING_BY_TGF_BETA_RECEPTOR_COMPLEX; REACTOME_SIGNALING_BY_TGF_BETA_RECEPTOR_COMPLEX_IN_CANCER; REACTOME_TGFBR3_REGULATES_TGF_BETA_SIGNALING; REACTOME_TGF_BETA_RECEPTOR_SIGNALING_ACTIVATES_SMADS; REACTOME_TGF_BETA_RECEPTOR_SIGNALING_IN_EMT_EPITHELIAL_TO_MESENCHYMAL_TRANSITION	46
COL1A1	up	FAS_OUTER_ZONE	1	GOBP_CANONICAL_WNT_SIGNALING_PATHWAY; GOBP_COLLAGEN_ACTIVATED_SIGNALING_PATHWAY; GOBP_COLLAGEN_ACTIVATED_TYROSINE_KINASE_RECEPTOR_SIGNALING_PATHWAY; GOBP_COLLAGEN_BIOSYNTHETIC_PROCESS; GOBP_COLLAGEN_FIBRIL_ORGANIZATION; GOBP_COLLAGEN_METABOLIC_PROCESS; GOBP_CONNECTIVE_TISSUE_DEVELOPMENT; GOBP_POSITIVE_REGULATION_OF_CANONICAL_WNT_SIGNALING_PATHWAY; GOBP_POSITIVE_REGULATION_OF_WNT_SIGNALING_PATHWAY; GOBP_REGULATION_OF_CANONICAL_WNT_SIGNALING_PATHWAY; GOBP_REGULATION_OF_WNT_SIGNALING_PATHWAY; GOBP_RESPONSE_TO_TRANSFORMING_GROWTH_FACTOR_BETA; GOBP_WNT_SIGNALING_PATHWAY; HALLMARK_EPITHELIAL_MESENCHYMAL_TRANSITION; REACTOME_ASSEMBLY_OF_COLLAGEN_FIBRILS_AND_OTHER_MULTIMERIC_STRUCTURES; REACTOME_COLLAGEN_BIOSYNTHESIS_AND_MODIFYING_ENZYMES; REACTOME_COLLAGEN_CHAIN_TRIMERIZATION; REACTOME_COLLAGEN_DEGRADATION; REACTOME_COLLAGEN_FORMATION; REACTOME_CROSSLINKING_OF_COLLAGEN_FIBRILS; REACTOME_DEFECTS_OF_PLATELET_ADHESION_TO_EXPOSED_COLLAGEN; REACTOME_DEGRADATION_OF_THE_EXTRACELLULAR_MATRIX; REACTOME_ECM_PROTEOGLYCANS; REACTOME_ENHANCED_BINDING_OF_GP1BA_VARIANT_TO_VWF_MULTIMER_COLLAGEN; REACTOME_EXTRACELLULAR_MATRIX_ORGANIZATION; REACTOME_INTEGRIN_CELL_SURFACE_INTERACTIONS; REACTOME_NON_INTEGRIN_MEMBRANE_ECM_INTERACTIONS; REACTOME_PLATELET_ADHESION_TO_EXPOSED_COLLAGEN	28
COL1A2	up	FAS_OUTER_ZONE	1	GOBP_COLLAGEN_FIBRIL_ORGANIZATION; GOBP_COLLAGEN_METABOLIC_PROCESS; GOBP_EXTRACELLULAR_MATRIX_ASSEMBLY; GOBP_RESPONSE_TO_TRANSFORMING_GROWTH_FACTOR_BETA; GOBP_TRANSFORMING_GROWTH_FACTOR_BETA_RECEPTOR_SIGNALING_PATHWAY; HALLMARK_EPITHELIAL_MESENCHYMAL_TRANSITION; REACTOME_ASSEMBLY_OF_COLLAGEN_FIBRILS_AND_OTHER_MULTIMERIC_STRUCTURES; REACTOME_COLLAGEN_BIOSYNTHESIS_AND_MODIFYING_ENZYMES; REACTOME_COLLAGEN_CHAIN_TRIMERIZATION; REACTOME_COLLAGEN_DEGRADATION; REACTOME_COLLAGEN_FORMATION; REACTOME_CROSSLINKING_OF_COLLAGEN_FIBRILS; REACTOME_DEFECTS_OF_PLATELET_ADHESION_TO_EXPOSED_COLLAGEN; REACTOME_DEGRADATION_OF_THE_EXTRACELLULAR_MATRIX; REACTOME_ECM_PROTEOGLYCANS; REACTOME_ENHANCED_BINDING_OF_GP1BA_VARIANT_TO_VWF_MULTIMER_COLLAGEN; REACTOME_EXTRACELLULAR_MATRIX_ORGANIZATION; REACTOME_INTEGRIN_CELL_SURFACE_INTERACTIONS; REACTOME_NON_INTEGRIN_MEMBRANE_ECM_INTERACTIONS; REACTOME_PLATELET_ADHESION_TO_EXPOSED_COLLAGEN; REACTOME_SIGNALING_BY_TGFB_FAMILY_MEMBERS; REACTOME_SIGNALING_BY_TGF_BETA_RECEPTOR_COMPLEX; REACTOME_SMAD2_SMAD3_SMAD4_HETEROTRIMER_REGULATES_TRANSCRIPTION; REACTOME_TRANSCRIPTIONAL_ACTIVITY_OF_SMAD2_SMAD3_SMAD4_HETEROTRIMER	24
TGFB2	up	MACROPHAGE_SIGNALS	1	GOBP_CELL_ADHESION_MEDIATED_BY_INTEGRIN; GOBP_COLLAGEN_FIBRIL_ORGANIZATION; GOBP_INTEGRIN_BIOSYNTHETIC_PROCESS; GOBP_POSITIVE_REGULATION_OF_CELL_ADHESION_MEDIATED_BY_INTEGRIN; GOBP_POSITIVE_REGULATION_OF_SMAD_PROTEIN_SIGNAL_TRANSDUCTION; GOBP_REGULATION_OF_CELL_ADHESION_MEDIATED_BY_INTEGRIN; GOBP_REGULATION_OF_INTEGRIN_BIOSYNTHETIC_PROCESS; GOBP_REGULATION_OF_SMAD_PROTEIN_SIGNAL_TRANSDUCTION; GOBP_RESPONSE_TO_TRANSFORMING_GROWTH_FACTOR_BETA; GOBP_SMAD_PROTEIN_SIGNAL_TRANSDUCTION; GOBP_TRANSFORMING_GROWTH_FACTOR_BETA2_PRODUCTION; GOBP_TRANSFORMING_GROWTH_FACTOR_BETA_PRODUCTION; GOBP_TRANSFORMING_GROWTH_FACTOR_BETA_RECEPTOR_SIGNALING_PATHWAY; GOBP_WOUND_HEALING; KEGG_MEDICUS_REFERENCE_PLASMIN_MEDIATED_ACTIVATION_OF_LATENT_TGF_BETA; KEGG_MEDICUS_REFERENCE_TGF_BETA_SIGNALING_PATHWAY; REACTOME_ECM_PROTEOGLYCANS; REACTOME_EXTRACELLULAR_MATRIX_ORGANIZATION; REACTOME_SIGNALING_BY_TGFBR3; REACTOME_SIGNALING_BY_TGFB_FAMILY_MEMBERS; REACTOME_SIGNALING_BY_TGF_BETA_RECEPTOR_COMPLEX; REACTOME_TGFBR3_REGULATES_TGF_BETA_SIGNALING; REACTOME_TGF_BETA_RECEPTOR_SIGNALING_ACTIVATES_SMADS	23
COL3A1	up	FAS_OUTER_ZONE	1	GOBP_BASEMENT_MEMBRANE_ORGANIZATION; GOBP_COLLAGEN_FIBRIL_ORGANIZATION; GOBP_CONNECTIVE_TISSUE_DEVELOPMENT; GOBP_EXTRACELLULAR_MATRIX_ASSEMBLY; GOBP_INTEGRIN_MEDIATED_SIGNALING_PATHWAY; GOBP_RESPONSE_TO_TRANSFORMING_GROWTH_FACTOR_BETA; GOBP_TRANSFORMING_GROWTH_FACTOR_BETA1_PRODUCTION; GOBP_TRANSFORMING_GROWTH_FACTOR_BETA_PRODUCTION; GOBP_TRANSFORMING_GROWTH_FACTOR_BETA_RECEPTOR_SIGNALING_PATHWAY; GOBP_WOUND_HEALING; HALLMARK_EPITHELIAL_MESENCHYMAL_TRANSITION; REACTOME_ASSEMBLY_OF_COLLAGEN_FIBRILS_AND_OTHER_MULTIMERIC_STRUCTURES; REACTOME_COLLAGEN_BIOSYNTHESIS_AND_MODIFYING_ENZYMES; REACTOME_COLLAGEN_CHAIN_TRIMERIZATION; REACTOME_COLLAGEN_DEGRADATION; REACTOME_COLLAGEN_FORMATION; REACTOME_DEGRADATION_OF_THE_EXTRACELLULAR_MATRIX; REACTOME_ECM_PROTEOGLYCANS; REACTOME_EXTRACELLULAR_MATRIX_ORGANIZATION; REACTOME_INTEGRIN_CELL_SURFACE_INTERACTIONS; REACTOME_NON_INTEGRIN_MEMBRANE_ECM_INTERACTIONS	21
SERPINE1	up	TWIST1_TARGETS	1	GOBP_ANGIOGENESIS_INVOLVED_IN_WOUND_HEALING; GOBP_CELL_ADHESION_MEDIATED_BY_INTEGRIN; GOBP_NEGATIVE_REGULATION_OF_CELL_ADHESION_MEDIATED_BY_INTEGRIN; GOBP_NEGATIVE_REGULATION_OF_VASCULAR_WOUND_HEALING; GOBP_NEGATIVE_REGULATION_OF_WOUND_HEALING; GOBP_POSITIVE_REGULATION_OF_WOUND_HEALING; GOBP_REGULATION_OF_CELL_ADHESION_MEDIATED_BY_INTEGRIN; GOBP_REGULATION_OF_VASCULAR_WOUND_HEALING; GOBP_REGULATION_OF_WOUND_HEALING; GOBP_VASCULAR_WOUND_HEALING; GOBP_WOUND_HEALING; HALLMARK_EPITHELIAL_MESENCHYMAL_TRANSITION; HALLMARK_TGF_BETA_SIGNALING; REACTOME_DOWNREGULATION_OF_SMAD2_3_SMAD4_TRANSCRIPTIONAL_ACTIVITY; REACTOME_ECM_PROTEOGLYCANS; REACTOME_EXTRACELLULAR_MATRIX_ORGANIZATION; REACTOME_SIGNALING_BY_TGFB_FAMILY_MEMBERS; REACTOME_SIGNALING_BY_TGF_BETA_RECEPTOR_COMPLEX; REACTOME_SMAD2_SMAD3_SMAD4_HETEROTRIMER_REGULATES_TRANSCRIPTION; REACTOME_TRANSCRIPTIONAL_ACTIVITY_OF_SMAD2_SMAD3_SMAD4_HETEROTRIMER	20
COL5A1	up	FISTULA_ECM	1	GOBP_COLLAGEN_BIOSYNTHETIC_PROCESS; GOBP_COLLAGEN_FIBRIL_ORGANIZATION; GOBP_COLLAGEN_METABOLIC_PROCESS; GOBP_CONNECTIVE_TISSUE_DEVELOPMENT; GOBP_INTEGRIN_BIOSYNTHETIC_PROCESS; GOBP_WOUND_HEALING; GOBP_WOUND_HEALING_SPREADING_OF_EPIDERMAL_CELLS; HALLMARK_EPITHELIAL_MESENCHYMAL_TRANSITION; REACTOME_ASSEMBLY_OF_COLLAGEN_FIBRILS_AND_OTHER_MULTIMERIC_STRUCTURES; REACTOME_COLLAGEN_BIOSYNTHESIS_AND_MODIFYING_ENZYMES; REACTOME_COLLAGEN_CHAIN_TRIMERIZATION; REACTOME_COLLAGEN_DEGRADATION; REACTOME_COLLAGEN_FORMATION; REACTOME_DEGRADATION_OF_THE_EXTRACELLULAR_MATRIX; REACTOME_ECM_PROTEOGLYCANS; REACTOME_EXTRACELLULAR_MATRIX_ORGANIZATION; REACTOME_INTEGRIN_CELL_SURFACE_INTERACTIONS; REACTOME_NON_INTEGRIN_MEMBRANE_ECM_INTERACTIONS	18
COL6A1	up	FISTULA_ECM	1	GOBP_BASEMENT_MEMBRANE_ORGANIZATION; GOBP_CANONICAL_WNT_SIGNALING_PATHWAY; GOBP_COLLAGEN_FIBRIL_ORGANIZATION; GOBP_COLLAGEN_METABOLIC_PROCESS; GOBP_CONNECTIVE_TISSUE_DEVELOPMENT; GOBP_EXTRACELLULAR_MATRIX_ASSEMBLY; GOBP_REGULATION_OF_COLLAGEN_FIBRIL_ORGANIZATION; GOBP_REGULATION_OF_EXTRACELLULAR_MATRIX_ORGANIZATION; GOBP_WNT_SIGNALING_PATHWAY; REACTOME_ASSEMBLY_OF_COLLAGEN_FIBRILS_AND_OTHER_MULTIMERIC_STRUCTURES; REACTOME_COLLAGEN_BIOSYNTHESIS_AND_MODIFYING_ENZYMES; REACTOME_COLLAGEN_CHAIN_TRIMERIZATION; REACTOME_COLLAGEN_DEGRADATION; REACTOME_COLLAGEN_FORMATION; REACTOME_DEGRADATION_OF_THE_EXTRACELLULAR_MATRIX; REACTOME_ECM_PROTEOGLYCANS; REACTOME_EXTRACELLULAR_MATRIX_ORGANIZATION; REACTOME_INTEGRIN_CELL_SURFACE_INTERACTIONS	18
COL4A1	up	FISTULA_ECM	1	GOBP_BASEMENT_MEMBRANE_ORGANIZATION; GOBP_COLLAGEN_ACTIVATED_SIGNALING_PATHWAY; GOBP_COLLAGEN_ACTIVATED_TYROSINE_KINASE_RECEPTOR_SIGNALING_PATHWAY; HALLMARK_EPITHELIAL_MESENCHYMAL_TRANSITION; REACTOME_ASSEMBLY_OF_COLLAGEN_FIBRILS_AND_OTHER_MULTIMERIC_STRUCTURES; REACTOME_COLLAGEN_BIOSYNTHESIS_AND_MODIFYING_ENZYMES; REACTOME_COLLAGEN_CHAIN_TRIMERIZATION; REACTOME_COLLAGEN_DEGRADATION; REACTOME_COLLAGEN_FORMATION; REACTOME_CROSSLINKING_OF_COLLAGEN_FIBRILS; REACTOME_DEGRADATION_OF_THE_EXTRACELLULAR_MATRIX; REACTOME_ECM_PROTEOGLYCANS; REACTOME_EXTRACELLULAR_MATRIX_ORGANIZATION; REACTOME_INTEGRIN_CELL_SURFACE_INTERACTIONS; REACTOME_LAMININ_INTERACTIONS; REACTOME_NON_INTEGRIN_MEMBRANE_ECM_INTERACTIONS	16
FN1	up	FAS_OUTER_ZONE	1	GOBP_INTEGRIN_ACTIVATION; GOBP_INTEGRIN_MEDIATED_SIGNALING_PATHWAY; GOBP_NEGATIVE_REGULATION_OF_TRANSFORMING_GROWTH_FACTOR_BETA_PRODUCTION; GOBP_TRANSFORMING_GROWTH_FACTOR_BETA_PRODUCTION; GOBP_WOUND_HEALING; HALLMARK_EPITHELIAL_MESENCHYMAL_TRANSITION; REACTOME_DEGRADATION_OF_THE_EXTRACELLULAR_MATRIX; REACTOME_ECM_PROTEOGLYCANS; REACTOME_EXTRACELLULAR_MATRIX_ORGANIZATION; REACTOME_FIBRONECTIN_MATRIX_FORMATION; REACTOME_GRB2_SOS_PROVIDES_LINKAGE_TO_MAPK_SIGNALING_FOR_INTEGRINS; REACTOME_INTEGRIN_CELL_SURFACE_INTERACTIONS; REACTOME_INTEGRIN_SIGNALING; REACTOME_NON_INTEGRIN_MEMBRANE_ECM_INTERACTIONS; REACTOME_P130CAS_LINKAGE_TO_MAPK_SIGNALING_FOR_INTEGRINS	15
TIMP1	up	FISTULA_ECM	1	GOBP_CONNECTIVE_TISSUE_DEVELOPMENT; GOBP_CONNECTIVE_TISSUE_REPLACEMENT; GOBP_CONNECTIVE_TISSUE_REPLACEMENT_INVOLVED_IN_INFLAMMATORY_RESPONSE_WOUND_HEALING; GOBP_INTEGRIN_MEDIATED_SIGNALING_PATHWAY; GOBP_REGULATION_OF_INTEGRIN_MEDIATED_SIGNALING_PATHWAY; GOBP_WOUND_HEALING; GOBP_WOUND_HEALING_INVOLVED_IN_INFLAMMATORY_RESPONSE; HALLMARK_EPITHELIAL_MESENCHYMAL_TRANSITION; REACTOME_ACTIVATION_OF_MATRIX_METALLOPROTEINASES; REACTOME_DEGRADATION_OF_THE_EXTRACELLULAR_MATRIX; REACTOME_EXTRACELLULAR_MATRIX_ORGANIZATION; REACTOME_SIGNALING_BY_TGFBR3; REACTOME_SIGNALING_BY_TGFB_FAMILY_MEMBERS; REACTOME_TGFBR3_PTM_REGULATION	14
FAP	up	FAS_OUTER_ZONE	1	GOBP_COLLAGEN_CATABOLIC_PROCESS; GOBP_COLLAGEN_METABOLIC_PROCESS; GOBP_EXTRACELLULAR_MATRIX_DISASSEMBLY; GOBP_NEGATIVE_REGULATION_OF_EXTRACELLULAR_MATRIX_DISASSEMBLY; GOBP_NEGATIVE_REGULATION_OF_EXTRACELLULAR_MATRIX_ORGANIZATION; GOBP_NEGATIVE_REGULATION_OF_WOUND_HEALING; GOBP_REGULATION_OF_COLLAGEN_METABOLIC_PROCESS; GOBP_REGULATION_OF_EXTRACELLULAR_MATRIX_DISASSEMBLY; GOBP_REGULATION_OF_EXTRACELLULAR_MATRIX_ORGANIZATION; GOBP_REGULATION_OF_WOUND_HEALING; GOBP_WOUND_HEALING; HALLMARK_EPITHELIAL_MESENCHYMAL_TRANSITION	12
COL11A1	up	FISTULA_ECM	1	GOBP_COLLAGEN_FIBRIL_ORGANIZATION; GOBP_CONNECTIVE_TISSUE_DEVELOPMENT; GOBP_PROTEOGLYCAN_METABOLIC_PROCESS; HALLMARK_EPITHELIAL_MESENCHYMAL_TRANSITION; REACTOME_ASSEMBLY_OF_COLLAGEN_FIBRILS_AND_OTHER_MULTIMERIC_STRUCTURES; REACTOME_COLLAGEN_BIOSYNTHESIS_AND_MODIFYING_ENZYMES; REACTOME_COLLAGEN_CHAIN_TRIMERIZATION; REACTOME_COLLAGEN_DEGRADATION; REACTOME_COLLAGEN_FORMATION; REACTOME_DEGRADATION_OF_THE_EXTRACELLULAR_MATRIX; REACTOME_EXTRACELLULAR_MATRIX_ORGANIZATION; REACTOME_NON_INTEGRIN_MEMBRANE_ECM_INTERACTIONS	12
SNAI2	up	TWIST1_TARGETS	1	GOBP_CANONICAL_WNT_SIGNALING_PATHWAY; GOBP_CELL_ADHESION_MEDIATED_BY_INTEGRIN; GOBP_CONNECTIVE_TISSUE_DEVELOPMENT; GOBP_NEGATIVE_REGULATION_OF_CANONICAL_WNT_SIGNALING_PATHWAY; GOBP_NEGATIVE_REGULATION_OF_CELL_ADHESION_MEDIATED_BY_INTEGRIN; GOBP_NEGATIVE_REGULATION_OF_WNT_SIGNALING_PATHWAY; GOBP_REGULATION_OF_CANONICAL_WNT_SIGNALING_PATHWAY; GOBP_REGULATION_OF_CELL_ADHESION_MEDIATED_BY_INTEGRIN; GOBP_REGULATION_OF_WNT_SIGNALING_PATHWAY; GOBP_WNT_SIGNALING_PATHWAY; HALLMARK_EPITHELIAL_MESENCHYMAL_TRANSITION	11
ZEB2	up	TWIST1_TARGETS	1	GOBP_CANONICAL_WNT_SIGNALING_PATHWAY; GOBP_MYOFIBROBLAST_DIFFERENTIATION; GOBP_POSITIVE_REGULATION_OF_CANONICAL_WNT_SIGNALING_PATHWAY; GOBP_POSITIVE_REGULATION_OF_CELLULAR_RESPONSE_TO_TRANSFORMING_GROWTH_FACTOR_BETA_STIMULUS; GOBP_POSITIVE_REGULATION_OF_WNT_SIGNALING_PATHWAY; GOBP_REGULATION_OF_CANONICAL_WNT_SIGNALING_PATHWAY; GOBP_REGULATION_OF_CELLULAR_RESPONSE_TO_TRANSFORMING_GROWTH_FACTOR_BETA_STIMULUS; GOBP_REGULATION_OF_WNT_SIGNALING_PATHWAY; GOBP_RESPONSE_TO_TRANSFORMING_GROWTH_FACTOR_BETA; GOBP_TRANSFORMING_GROWTH_FACTOR_BETA_RECEPTOR_SIGNALING_PATHWAY; GOBP_WNT_SIGNALING_PATHWAY	11
MMP14	up	TWIST1_TARGETS	1	GOBP_COLLAGEN_CATABOLIC_PROCESS; GOBP_COLLAGEN_METABOLIC_PROCESS; GOBP_EXTRACELLULAR_MATRIX_DISASSEMBLY; HALLMARK_EPITHELIAL_MESENCHYMAL_TRANSITION; REACTOME_ACTIVATION_OF_MATRIX_METALLOPROTEINASES; REACTOME_COLLAGEN_DEGRADATION; REACTOME_DEGRADATION_OF_THE_EXTRACELLULAR_MATRIX; REACTOME_EXTRACELLULAR_MATRIX_ORGANIZATION; REACTOME_SIGNALING_BY_TGFBR3; REACTOME_SIGNALING_BY_TGFB_FAMILY_MEMBERS; REACTOME_TGFBR3_PTM_REGULATION	11
LOX	up	TWIST1_TARGETS	1	GOBP_COLLAGEN_FIBRIL_ORGANIZATION; GOBP_CONNECTIVE_TISSUE_DEVELOPMENT; GOBP_EXTRACELLULAR_MATRIX_ASSEMBLY; GOBP_REGULATION_OF_CELLULAR_RESPONSE_TO_TRANSFORMING_GROWTH_FACTOR_BETA_STIMULUS; GOBP_RESPONSE_TO_TRANSFORMING_GROWTH_FACTOR_BETA; GOBP_TRANSFORMING_GROWTH_FACTOR_BETA_RECEPTOR_SIGNALING_PATHWAY; HALLMARK_EPITHELIAL_MESENCHYMAL_TRANSITION; REACTOME_ASSEMBLY_OF_COLLAGEN_FIBRILS_AND_OTHER_MULTIMERIC_STRUCTURES; REACTOME_COLLAGEN_FORMATION; REACTOME_CROSSLINKING_OF_COLLAGEN_FIBRILS; REACTOME_EXTRACELLULAR_MATRIX_ORGANIZATION	11
IL6	up	MACROPHAGE_SIGNALS	1	GOBP_COLLAGEN_BIOSYNTHETIC_PROCESS; GOBP_COLLAGEN_METABOLIC_PROCESS; GOBP_EXTRACELLULAR_MATRIX_DISASSEMBLY; GOBP_NEGATIVE_REGULATION_OF_COLLAGEN_METABOLIC_PROCESS; GOBP_POSITIVE_REGULATION_OF_EXTRACELLULAR_MATRIX_DISASSEMBLY; GOBP_POSITIVE_REGULATION_OF_EXTRACELLULAR_MATRIX_ORGANIZATION; GOBP_REGULATION_OF_COLLAGEN_METABOLIC_PROCESS; GOBP_REGULATION_OF_EXTRACELLULAR_MATRIX_DISASSEMBLY; GOBP_REGULATION_OF_EXTRACELLULAR_MATRIX_ORGANIZATION; GOBP_WOUND_HEALING; HALLMARK_EPITHELIAL_MESENCHYMAL_TRANSITION	11
LAMB1	up	FISTULA_ECM	1	GOBP_BASEMENT_MEMBRANE_ORGANIZATION; GOBP_INTEGRIN_MEDIATED_SIGNALING_PATHWAY; GOBP_POSITIVE_REGULATION_OF_INTEGRIN_MEDIATED_SIGNALING_PATHWAY; GOBP_REGULATION_OF_BASEMENT_MEMBRANE_ORGANIZATION; GOBP_REGULATION_OF_EXTRACELLULAR_MATRIX_ORGANIZATION; GOBP_REGULATION_OF_INTEGRIN_MEDIATED_SIGNALING_PATHWAY; REACTOME_DEGRADATION_OF_THE_EXTRACELLULAR_MATRIX; REACTOME_ECM_PROTEOGLYCANS; REACTOME_EXTRACELLULAR_MATRIX_ORGANIZATION; REACTOME_LAMININ_INTERACTIONS; REACTOME_NON_INTEGRIN_MEMBRANE_ECM_INTERACTIONS	11
COL6A3	up	FISTULA_ECM	1	HALLMARK_EPITHELIAL_MESENCHYMAL_TRANSITION; REACTOME_ASSEMBLY_OF_COLLAGEN_FIBRILS_AND_OTHER_MULTIMERIC_STRUCTURES; REACTOME_COLLAGEN_BIOSYNTHESIS_AND_MODIFYING_ENZYMES; REACTOME_COLLAGEN_CHAIN_TRIMERIZATION; REACTOME_COLLAGEN_DEGRADATION; REACTOME_COLLAGEN_FORMATION; REACTOME_DEGRADATION_OF_THE_EXTRACELLULAR_MATRIX; REACTOME_ECM_PROTEOGLYCANS; REACTOME_EXTRACELLULAR_MATRIX_ORGANIZATION; REACTOME_INTEGRIN_CELL_SURFACE_INTERACTIONS	10
COL12A1	up	FISTULA_ECM	1	GOBP_COLLAGEN_FIBRIL_ORGANIZATION; HALLMARK_EPITHELIAL_MESENCHYMAL_TRANSITION; REACTOME_ASSEMBLY_OF_COLLAGEN_FIBRILS_AND_OTHER_MULTIMERIC_STRUCTURES; REACTOME_COLLAGEN_BIOSYNTHESIS_AND_MODIFYING_ENZYMES; REACTOME_COLLAGEN_CHAIN_TRIMERIZATION; REACTOME_COLLAGEN_DEGRADATION; REACTOME_COLLAGEN_FORMATION; REACTOME_DEGRADATION_OF_THE_EXTRACELLULAR_MATRIX; REACTOME_EXTRACELLULAR_MATRIX_ORGANIZATION	9
LUM	up	FISTULA_ECM	1	GOBP_COLLAGEN_FIBRIL_ORGANIZATION; GOBP_POSITIVE_REGULATION_OF_TRANSFORMING_GROWTH_FACTOR_BETA1_PRODUCTION; GOBP_POSITIVE_REGULATION_OF_TRANSFORMING_GROWTH_FACTOR_BETA_PRODUCTION; GOBP_TRANSFORMING_GROWTH_FACTOR_BETA1_PRODUCTION; GOBP_TRANSFORMING_GROWTH_FACTOR_BETA_PRODUCTION; HALLMARK_EPITHELIAL_MESENCHYMAL_TRANSITION; REACTOME_ECM_PROTEOGLYCANS; REACTOME_EXTRACELLULAR_MATRIX_ORGANIZATION; REACTOME_INTEGRIN_CELL_SURFACE_INTERACTIONS	9
MMP9	up	FISTULA_ECM	1	GOBP_COLLAGEN_CATABOLIC_PROCESS; GOBP_COLLAGEN_METABOLIC_PROCESS; GOBP_EXTRACELLULAR_MATRIX_DISASSEMBLY; REACTOME_ACTIVATION_OF_MATRIX_METALLOPROTEINASES; REACTOME_ASSEMBLY_OF_COLLAGEN_FIBRILS_AND_OTHER_MULTIMERIC_STRUCTURES; REACTOME_COLLAGEN_DEGRADATION; REACTOME_COLLAGEN_FORMATION; REACTOME_DEGRADATION_OF_THE_EXTRACELLULAR_MATRIX; REACTOME_EXTRACELLULAR_MATRIX_ORGANIZATION	9
MMP2	up	TWIST1_TARGETS	1	GOBP_COLLAGEN_CATABOLIC_PROCESS; GOBP_COLLAGEN_METABOLIC_PROCESS; GOBP_EXTRACELLULAR_MATRIX_DISASSEMBLY; HALLMARK_EPITHELIAL_MESENCHYMAL_TRANSITION; REACTOME_ACTIVATION_OF_MATRIX_METALLOPROTEINASES; REACTOME_COLLAGEN_DEGRADATION; REACTOME_DEGRADATION_OF_THE_EXTRACELLULAR_MATRIX; REACTOME_EXTRACELLULAR_MATRIX_ORGANIZATION	8
CDH2	up	TWIST1_TARGETS	1	GOBP_CANONICAL_WNT_SIGNALING_PATHWAY; GOBP_NEGATIVE_REGULATION_OF_CANONICAL_WNT_SIGNALING_PATHWAY; GOBP_NEGATIVE_REGULATION_OF_WNT_SIGNALING_PATHWAY; GOBP_REGULATION_OF_CANONICAL_WNT_SIGNALING_PATHWAY; GOBP_REGULATION_OF_WNT_SIGNALING_PATHWAY; GOBP_WNT_SIGNALING_PATHWAY; HALLMARK_EPITHELIAL_MESENCHYMAL_TRANSITION	7
LOXL2	up	TWIST1_TARGETS	1	GOBP_COLLAGEN_FIBRIL_ORGANIZATION; GOBP_CONNECTIVE_TISSUE_DEVELOPMENT; HALLMARK_EPITHELIAL_MESENCHYMAL_TRANSITION; REACTOME_ASSEMBLY_OF_COLLAGEN_FIBRILS_AND_OTHER_MULTIMERIC_STRUCTURES; REACTOME_COLLAGEN_FORMATION; REACTOME_CROSSLINKING_OF_COLLAGEN_FIBRILS; REACTOME_EXTRACELLULAR_MATRIX_ORGANIZATION	7
TNF	up	MACROPHAGE_SIGNALS	1	GOBP_ANGIOGENESIS_INVOLVED_IN_WOUND_HEALING; GOBP_NEGATIVE_REGULATION_OF_VASCULAR_WOUND_HEALING; GOBP_NEGATIVE_REGULATION_OF_WOUND_HEALING; GOBP_REGULATION_OF_VASCULAR_WOUND_HEALING; GOBP_REGULATION_OF_WOUND_HEALING; GOBP_VASCULAR_WOUND_HEALING; GOBP_WOUND_HEALING	7
NFKB1	up	MACROPHAGE_SIGNALS	1	GOBP_CANONICAL_WNT_SIGNALING_PATHWAY; GOBP_POSITIVE_REGULATION_OF_CANONICAL_WNT_SIGNALING_PATHWAY; GOBP_POSITIVE_REGULATION_OF_WNT_SIGNALING_PATHWAY; GOBP_REGULATION_OF_CANONICAL_WNT_SIGNALING_PATHWAY; GOBP_REGULATION_OF_WNT_SIGNALING_PATHWAY; GOBP_WNT_SIGNALING_PATHWAY	6
VIM	up	FAS_OUTER_ZONE	1	GOBP_COLLAGEN_BIOSYNTHETIC_PROCESS; GOBP_COLLAGEN_METABOLIC_PROCESS; GOBP_POSITIVE_REGULATION_OF_COLLAGEN_METABOLIC_PROCESS; GOBP_REGULATION_OF_COLLAGEN_METABOLIC_PROCESS; HALLMARK_EPITHELIAL_MESENCHYMAL_TRANSITION	5
TNC	up	FISTULA_ECM	1	HALLMARK_EPITHELIAL_MESENCHYMAL_TRANSITION; REACTOME_ECM_PROTEOGLYCANS; REACTOME_EXTRACELLULAR_MATRIX_ORGANIZATION; REACTOME_INTEGRIN_CELL_SURFACE_INTERACTIONS; REACTOME_NON_INTEGRIN_MEMBRANE_ECM_INTERACTIONS	5
RUNX2	up	FAS_OUTER_ZONE	1	GOBP_CONNECTIVE_TISSUE_DEVELOPMENT; GOBP_RESPONSE_TO_BMP; GOBP_SMAD_PROTEIN_SIGNAL_TRANSDUCTION; REACTOME_YAP1_AND_WWTR1_TAZ_STIMULATED_GENE_EXPRESSION	4
SNAI1	up	TWIST1_TARGETS	1	GOBP_CANONICAL_WNT_SIGNALING_PATHWAY; GOBP_CONNECTIVE_TISSUE_DEVELOPMENT; GOBP_WNT_SIGNALING_PATHWAY; REACTOME_EPITHELIAL_MESENCHYMAL_TRANSITION_EMT_DURING_GASTRULATION	4
ZEB1	up	TWIST1_TARGETS	1	GOBP_CONNECTIVE_TISSUE_DEVELOPMENT; GOBP_REGULATION_OF_CELLULAR_RESPONSE_TO_TRANSFORMING_GROWTH_FACTOR_BETA_STIMULUS; GOBP_RESPONSE_TO_TRANSFORMING_GROWTH_FACTOR_BETA; GOBP_TRANSFORMING_GROWTH_FACTOR_BETA_RECEPTOR_SIGNALING_PATHWAY	4
IL1A	up	MACROPHAGE_SIGNALS	1	GOBP_CONNECTIVE_TISSUE_REPLACEMENT; GOBP_CONNECTIVE_TISSUE_REPLACEMENT_INVOLVED_IN_INFLAMMATORY_RESPONSE_WOUND_HEALING; GOBP_WOUND_HEALING; GOBP_WOUND_HEALING_INVOLVED_IN_INFLAMMATORY_RESPONSE	4
BGN	up	FISTULA_ECM	1	GOBP_CONNECTIVE_TISSUE_DEVELOPMENT; HALLMARK_EPITHELIAL_MESENCHYMAL_TRANSITION; REACTOME_ECM_PROTEOGLYCANS; REACTOME_EXTRACELLULAR_MATRIX_ORGANIZATION	4
DCN	up	FISTULA_ECM	1	HALLMARK_EPITHELIAL_MESENCHYMAL_TRANSITION; REACTOME_DEGRADATION_OF_THE_EXTRACELLULAR_MATRIX; REACTOME_ECM_PROTEOGLYCANS; REACTOME_EXTRACELLULAR_MATRIX_ORGANIZATION	4
ACTA2	up	FAS_OUTER_ZONE	1	GOBP_CONNECTIVE_TISSUE_DEVELOPMENT; GOBP_RESPONSE_TO_TRANSFORMING_GROWTH_FACTOR_BETA; HALLMARK_EPITHELIAL_MESENCHYMAL_TRANSITION	3
PDGFRA	up	FAS_OUTER_ZONE	1	GOBP_NEGATIVE_REGULATION_OF_WOUND_HEALING; GOBP_REGULATION_OF_WOUND_HEALING; GOBP_WOUND_HEALING	3
SPARC	up	TWIST1_TARGETS	1	HALLMARK_EPITHELIAL_MESENCHYMAL_TRANSITION; REACTOME_ECM_PROTEOGLYCANS; REACTOME_EXTRACELLULAR_MATRIX_ORGANIZATION	3
VCAN	up	FISTULA_ECM	1	HALLMARK_EPITHELIAL_MESENCHYMAL_TRANSITION; REACTOME_ECM_PROTEOGLYCANS; REACTOME_EXTRACELLULAR_MATRIX_ORGANIZATION	3
PRRX1	up	FAS_OUTER_ZONE	1	GOBP_CONNECTIVE_TISSUE_DEVELOPMENT; HALLMARK_EPITHELIAL_MESENCHYMAL_TRANSITION	2
THY1	up	FAS_OUTER_ZONE	1	GOBP_INTEGRIN_MEDIATED_SIGNALING_PATHWAY; HALLMARK_EPITHELIAL_MESENCHYMAL_TRANSITION	2
POSTN	up	FAS_OUTER_ZONE	1	GOBP_RESPONSE_TO_TRANSFORMING_GROWTH_FACTOR_BETA; HALLMARK_EPITHELIAL_MESENCHYMAL_TRANSITION	2
OSR2	up	FAS_OUTER_ZONE	1	GOBP_CONNECTIVE_TISSUE_DEVELOPMENT	1
CDH11	up	TWIST1_TARGETS	1	HALLMARK_EPITHELIAL_MESENCHYMAL_TRANSITION	1
TIMP3	up	FISTULA_ECM	1	HALLMARK_EPITHELIAL_MESENCHYMAL_TRANSITION	1
CTGF	up	TWIST1_TARGETS	1		0
CXCL9	up	MACROPHAGE_SIGNALS	1		0
CXCL10	up	MACROPHAGE_SIGNALS	1		0
CXCL11	up	MACROPHAGE_SIGNALS	1		0
IL1B	up	MACROPHAGE_SIGNALS	1		0
OSM	up	MACROPHAGE_SIGNALS	1		0
RELA	up	MACROPHAGE_SIGNALS	1		0
