tcga_type,depmap_type,tcga_n_mutant,depmap_n_mutant,tcga_H1047R_L_frac,depmap_H1047R_L_frac,diff_H1047R_L,tcga_E545K_frac,depmap_E545K_frac,diff_E545K,tcga_E542K_frac,depmap_E542K_frac,diff_E542K,tcga_C420R_frac,depmap_C420R_frac,diff_C420R,tcga_N345K_frac,depmap_N345K_frac,diff_N345K
UCEC,Endometrial Carcinoma,259,18,0.143,0.056,-0.087,0.058,0.056,-0.002,0.066,0.0,-0.066,0.031,0.056,0.025,0.015,0.0,-0.015
BRCA,Invasive Breast Carcinoma,347,23,0.409,0.609,0.199,0.187,0.13,-0.057,0.124,0.087,-0.037,0.014,0.087,0.073,0.052,0.0,-0.052
COADREAD,Colorectal Adenocarcinoma,147,28,0.129,0.321,0.192,0.238,0.286,0.048,0.088,0.071,-0.017,0.027,0.036,0.009,0.014,0.0,-0.014
BLCA,Bladder Urothelial Carcinoma,90,10,0.089,0.2,0.111,0.322,0.6,0.278,0.2,0.1,-0.1,0.0,0.0,0.0,0.011,0.0,-0.011
HNSC,Head and Neck Squamous Cell Carcinoma,90,10,0.156,0.5,0.344,0.289,0.3,0.011,0.211,0.0,-0.211,0.011,0.0,-0.011,0.011,0.0,-0.011
STAD,Esophagogastric Adenocarcinoma,71,9,0.225,0.0,-0.225,0.141,0.222,0.081,0.085,0.444,0.36,0.042,0.0,-0.042,0.07,0.0,-0.07
LUSC,Non-Small Cell Lung Cancer,53,12,0.132,0.083,-0.049,0.245,0.25,0.005,0.245,0.083,-0.162,0.019,0.0,-0.019,0.0,0.0,0.0
ESCA,Esophagogastric Adenocarcinoma,17,9,0.235,0.0,-0.235,0.353,0.222,-0.131,0.0,0.444,0.444,0.0,0.0,0.0,0.0,0.0,0.0
GBM,Diffuse Glioma,36,7,0.056,0.286,0.23,0.083,0.0,-0.083,0.028,0.0,-0.028,0.0,0.0,0.0,0.028,0.0,-0.028
LGG,Diffuse Glioma,42,7,0.119,0.286,0.167,0.024,0.0,-0.024,0.048,0.0,-0.048,0.024,0.0,-0.024,0.0,0.0,0.0
LUAD,Non-Small Cell Lung Cancer,28,12,0.071,0.083,0.012,0.214,0.25,0.036,0.143,0.083,-0.06,0.0,0.0,0.0,0.036,0.0,-0.036
OV,Ovarian Epithelial Tumor,8,16,0.25,0.375,0.125,0.125,0.0,-0.125,0.0,0.0,0.0,0.0,0.062,0.062,0.0,0.0,0.0
